, 120
egg, 90
oil, 152
rum, 3
oat, 20
fig, 4
ham, 24
nut, 5
bow, 1
mix, 9
ice, 12
rub, 3
bun, 1
gin, 5
dry, 1
fry, 1
pea, 17
pan, 2
can, 2
ale, 1
tea, 2
rib, 2
tub, 1
jar, 1
cow, 1
blt, 1
sea, 1
cup, 1
milk, 120
beef, 32
salt, 159
soda, 15
kiwi, 2
lamb, 9
pear, 7
pork, 16
rice, 41
dill, 21
tofu, 16
corn, 17
ring, 2
date, 7
lime, 16
bean, 14
half, 4
evoo, 2
beer, 12
fork, 1
beet, 3
head, 4
herb, 5
brie, 1
sage, 8
cake, 3
crab, 1
choy, 1
malt, 1
wine, 2
taco, 5
clam, 9
pimm, 2
sake, 5
leek, 2
seed, 4
pita, 3
mace, 2
lard, 4
mint, 16
feta, 4
zest, 2
okra, 3
shot, 1
kale, 3
soup, 4
slaw, 1
mont, 1
meat, 6
rosé, 1
side, 1
chip, 1
miso, 3
dish, 1
wing, 1
m&ms, 1
stem, 1
rack, 1
fish, 1
baby, 1
masa, 1
veal, 1
tuna, 1
nori, 1
yuca, 1
meal, 1
sugar, 159
cocoa, 9
flour, 116
onion, 182
water, 98
bagel, 2
chile, 3
cream, 101
honey, 27
bread, 31
cumin, 17
caper, 24
fruit, 5
lemon, 33
pasta, 2
basil, 30
glaze, 3
blend, 2
apple, 11
cider, 3
vodka, 19
juice, 10
clove, 20
pecan, 15
thyme, 22
bacon, 53
sauce, 43
chive, 33
creme, 6
berry, 7
panko, 7
salsa, 12
syrup, 4
peach, 14
yeast, 14
prawn, 1
gouda, 1
cajun, 3
aioli, 1
round, 2
cubed, 2
oelek, 4
crisp, 1
penne, 2
broth, 11
stalk, 1
thigh, 1
mirin, 7
chili, 4
spice, 3
pesto, 8
adobo, 1
roast, 1
fudge, 1
wheat, 2
mango, 11
icing, 1
tonic, 1
sheet, 6
chunk, 2
grape, 4
sprig, 7
flake, 1
patty, 1
ranch, 2
gravy, 2
melon, 3
chard, 5
puree, 6
steak, 5
quail, 2
paste, 5
squid, 5
grill, 1
spray, 1
chuck, 4
salad, 1
crust, 2
crème, 1
green, 1
stock, 3
agave, 1
labne, 1
dashi, 1
prune, 1
strip, 3
crepe, 1
snail, 1
toast, 1
crema, 1
shiso, 1
filet, 1
fideo, 1
candy, 1
lager, 1
frond, 1
vegan, 2
spear, 1
shoyu, 1
butter, 215
noodle, 5
kimchi, 13
banana, 30
tomato, 101
garlic, 100
cheese, 68
powder, 36
cloves, 79
brandy, 8
almond, 30
cherry, 10
orange, 29
salami, 3
pepper, 38
nutmeg, 23
cashew, 4
walnut, 38
ginger, 90
yogurt, 33
coffee, 15
shrimp, 40
breast, 7
potato, 28
burger, 1
molass, 9
barley, 3
pernod, 1
carrot, 88
celery, 23
cognac, 5
fennel, 4
waffle, 2
muffin, 4
fillet, 20
peanut, 17
pickle, 9
floret, 6
cereal, 2
raisin, 15
dipper, 1
mezcal, 2
kirsch, 1
nectar, 6
mussel, 22
sherry, 14
oyster, 7
turkey, 18
spread, 6
olives, 4
jícama, 1
creole, 3
salmon, 11
papaya, 1
squash, 13
turnip, 2
radish, 12
tamari, 2
chèvre, 1
aperol, 1
leaves, 2
hummus, 2
hoisin, 1
jicama, 1
bonito, 1
bottle, 2
rabbit, 2
pectin, 1
hominy, 3
quinoa, 2
bulgur, 1
peeler, 1
relish, 1
urchin, 1
pastry, 1
savory, 1
batter, 1
fajita, 1
wasabi, 2
starch, 1
sprout, 1
zapper, 1
vanilla, 7
tri tip, 1
lettuce, 5
oregano, 19
paprika, 42
arugula, 9
seaweed, 1
coconut, 21
spinach, 16
parsley, 69
anchovy, 3
ketchup, 14
bourbon, 9
calvado, 1
shallot, 46
sofrito, 1
cayenne, 7
avocado, 34
sausage, 9
cheddar, 65
vinegar, 15
cabbage, 15
tequila, 8
mustard, 39
saltine, 2
chicken, 27
chilies, 1
marsala, 2
polenta, 4
pretzel, 2
biscuit, 2
lobster, 3
bologna, 3
tea bag, 2
whiskey, 3
marnier, 3
kumquat, 4
caramel, 2
oatmeal, 5
fig jam, 3
scallop, 11
truffle, 1
chorizo, 11
filling, 3
gelatin, 10
saffron, 6
gruyère, 1
mesclun, 1
apricot, 4
essence, 1
seltzer, 5
edamame, 8
tabasco, 2
gruyere, 2
catfish, 1
pea pod, 2
liqueur, 8
currant, 3
granola, 3
cracker, 1
blossom, 1
inamona, 1
sirloin, 3
upgrade, 1
cookies, 1
pumpkin, 11
ricotta, 2
tapioca, 2
dog bun, 2
pimento, 1
harissa, 1
oil pan, 5
soybean, 2
parsnip, 3
poultry, 3
eggwash, 1
red gel, 1
eat fig, 1
crudite, 1
seafood, 2
halibut, 1
snapper, 1
pudding, 1
chopped, 1
venison, 1
cupcake, 1
scallion, 46
ahi tuna, 2
cucumber, 39
cinnamon, 34
soup mix, 1
dark rum, 7
egg yolk, 31
allspice, 8
ice cube, 8
sandwich, 1
semolina, 2
red bell, 21
cilantro, 35
bbq pork, 1
cake mix, 8
lollipop, 1
cornmeal, 16
jalapeño, 3
mushroom, 22
plantain, 4
eggplant, 11
jalapeno, 9
soy milk, 5
dressing, 3
red wine, 12
bay leaf, 6
turmeric, 7
pork rib, 4
zucchini, 37
chestnut, 5
parmesan, 20
half and, 11
baguette, 6
tortilla, 5
broccoli, 5
biscotti, 1
hazelnut, 8
stuffing, 2
culantro, 2
frosting, 1
calamari, 2
macaroni, 2
crabmeat, 3
marjoram, 3
flaxseed, 3
ciabatta, 1
pancetta, 3
egg milk, 1
ham hock, 3
vermouth, 3
tofu dry, 1
dumpling, 1
espresso, 1
couscous, 6
ripe fig, 3
oil bowl, 1
blue dip, 1
game hen, 3
cardamom, 6
corn oil, 1
ear corn, 4
rosemary, 11
chickpea, 10
linguine, 5
deli ham, 2
lemonade, 2
pine nut, 11
duck fat, 1
escarole, 1
fig ripe, 1
lady pea, 1
pimenton, 2
bisquick, 1
meringue, 2
dextrose, 1
tarragon, 6
red miso, 2
crayfish, 1
city ham, 1
amaretto, 2
coleslaw, 1
beef rib, 1
star oil, 2
wine dry, 1
lomo ham, 1
unit ink, 1
snow pea, 1
nopalito, 1
oat bran, 2
rice mix, 1
herb oil, 1
masarepa, 1
prosecco, 4
teaspoon, 1
pork rub, 1
taco mix, 3
sparerib, 1
duck leg, 1
leg lamb, 1
pheasant, 1
crab roe, 1
sriracha, 2
manchego, 2
sprinkle, 1
egg cube, 1
bok choy, 1
galangal, 1
prik pao, 1
meatball, 1
herb rub, 1
oil iron, 1
soy sauce, 48
chia seed, 3
chili mix, 2
chocolate, 37
coriander, 10
cranberry, 23
pineapple, 20
red grape, 7
red apple, 1
green pea, 8
asparagus, 3
red onion, 56
bbq sauce, 3
bacon fat, 1
egg white, 8
bacon bit, 5
tomatillo, 5
grenadine, 5
nectarine, 1
vegetable, 8
rice cake, 1
white rum, 6
stew beef, 3
beef bone, 1
spaghetti, 14
beef base, 2
amber ale, 1
radicchio, 3
red chile, 6
guacamole, 4
root chip, 1
blueberry, 19
raspberry, 16
lime zest, 2
lime rind, 5
skim milk, 1
fruit mix, 1
ranch mix, 1
ice cream, 2
okra stem, 1
champagne, 3
cava wine, 1
margarine, 1
pie crust, 4
root beer, 2
cornbread, 2
tofu cube, 5
red chili, 1
meat loaf, 1
flour pan, 4
tangerine, 5
kiwifruit, 8
pistachio, 6
oil onion, 1
cocoa nib, 1
crab boil, 2
lump crab, 1
corn husk, 1
rice wine, 2
deli pork, 1
lime skin, 1
parchment, 1
egg water, 3
dill seed, 3
spice mix, 1
dark beer, 2
fleur sel, 1
provolone, 1
rib roast, 2
oil dough, 1
grain bun, 1
cornichon, 3
apple pie, 1
onion dip, 1
bay spice, 1
rock fish, 1
olive oil, 1
club soda, 3
red sugar, 1
oat flour, 3
ice water, 3
pita chip, 2
green tea, 2
rock salt, 1
pepperoni, 3
chile red, 1
salt fish, 1
artichoke, 1
ham steak, 1
corn chip, 2
limu kohu, 1
kukui nut, 1
beef stew, 2
tap water, 4
ab peanut, 1
rice milk, 1
drink mix, 1
pork loin, 3
gochujang, 4
beef lamb, 1
lemon mix, 1
sauce soy, 1
bun split, 2
chuck mix, 1
crab cake, 1
milk ball, 2
clam base, 1
zest lime, 1
aji mirin, 1
cacao nib, 2
ramen mix, 2
goat cube, 1
split pea, 1
lima bean, 1
rye bread, 3
honey top, 1
whip lite, 1
crab meat, 2
carambola, 1
pea shoot, 4
persimmon, 1
gochugaru, 1
fluid gin, 1
chile oil, 1
dill chip, 1
neck clam, 1
pork butt, 1
milk soup, 1
rack lamb, 1
cocoa mix, 1
blue crab, 1
bundt pan, 1
oat groat, 1
baby corn, 1
bratwurst, 1
baby clam, 1
peach tea, 1
squid ink, 2
date cake, 1
gremolata, 1
chili oil, 1
bbq bacon, 1
beef rump, 1
herb cube, 1
tuna cube, 1
lamb beef, 1
tasso ham, 1
taro chip, 1
light rum, 1
berry ice, 1
onion red, 1
water tap, 1
cumin seed, 7
egg noodle, 9
juice lime, 6
fillet oil, 2
almond oil, 2
cornstarch, 21
sushi rice, 7
mayonnaise, 29
strawberry, 38
lemon zest, 14
egg whites, 17
star fruit, 1
red pepper, 38
mozzarella, 31
corn syrup, 9
part vodka, 1
apple skin, 1
white wine, 26
apple core, 1
fuji apple, 2
lime juice, 47
walnut oil, 2
oil frying, 5
corn flake, 2
butter pat, 1
sugar cube, 2
canola oil, 36
ripe mango, 3
shortening, 10
buttermilk, 22
beef chuck, 5
peanut oil, 13
lemon rind, 10
beef broth, 21
celery rib, 4
beef stock, 11
rib celery, 8
stout beer, 2
bay leaves, 5
blackberry, 5
black bean, 25
breadcrumb, 11
soda water, 4
bread loaf, 2
muffin mix, 1
applesauce, 4
milk shake, 1
peppercorn, 7
breadstick, 2
potato tot, 1
white rice, 15
red potato, 14
broccolini, 3
virgin oil, 10
stone grit, 1
cactus pad, 2
carrot top, 2
candy corn, 3
ginger ale, 8
wheat germ, 3
tart apple, 1
zest lemon, 3
salmon roe, 2
apple chip, 1
limoncello, 2
sesame oil, 24
five spice, 1
red liquid, 1
hair pasta, 2
baking mix, 2
tortellini, 1
red radish, 2
cane sugar, 4
bomba rice, 1
matzo ball, 1
matzo meal, 1
taco shell, 2
lime wedge, 7
mint sprig, 5
plum sauce, 3
gyoza skin, 1
squid ring, 1
gingerroot, 2
vodka tito, 1
butter pan, 11
cocoa bean, 1
grapefruit, 4
white corn, 1
pinto bean, 5
roll dough, 1
ball dough, 1
coffee mix, 1
chardonnay, 1
clam juice, 10
clam sauce, 1
clementine, 2
parmigiano, 1
beef strip, 1
oil virgin, 4
prosciutto, 8
white miso, 8
creme thin, 1
rice flour, 4
dark cocoa, 1
ripe olive, 1
pea carrot, 2
loaf bread, 2
ramen soup, 1
sauerkraut, 2
oat quaker, 1
cantaloupe, 4
microgreen, 1
black seed, 1
brown rice, 1
citru herb, 1
green bean, 14
onion soup, 1
red papaya, 1
sprig mint, 3
hush puppy, 1
beaten egg, 1
raisin rum, 1
toffee bar, 1
wheat beer, 1
zest juice, 1
prune baby, 1
gingersnap, 5
onion salt, 1
lemon peel, 1
pita round, 1
boar brand, 1
kaiser bun, 1
white bean, 1
gorgonzola, 2
ripe peach, 2
tuna steak, 3
fish sauce, 2
sheet nori, 1
gak kimchi, 1
maui onion, 1
bell strip, 1
herb salad, 1
eat carrot, 1
raw peanut, 1
oat cereal, 1
beef roast, 1
onion skin, 1
miso paste, 3
pouch rice, 1
star anise, 1
mascarpone, 1
lemon curd, 1
cream milk, 1
roll split, 1
sweet dill, 1
table salt, 1
lime wheel, 2
baking pan, 1
squid body, 1
gala melon, 1
splash rum, 1
ball pizza, 1
muffin tin, 1
cookie mix, 1
oil butter, 1
bag shrimp, 1
iron steak, 1
milk water, 1
butter oil, 1
tuna water, 4
sprig dill, 1
triple sec, 2
gummy worm, 1
pork roast, 1
tawny port, 1
roast pork, 2
shot latte, 1
watercress, 1
red lentil, 1
black kale, 1
fettuccine, 2
grain rice, 2
cod fillet, 1
beef gravy, 1
pinch salt, 2
cola drink, 1
up chicken, 1
squid tube, 2
pita wedge, 1
tablespoon, 2
dry sherry, 1
watermelon, 8
ladyfinger, 1
baby squid, 1
ranch bean, 1
vodka grey, 1
beer drink, 1
chili bean, 1
wheat wrap, 1
gold flour, 1
bread cube, 1
red tomato, 1
baby basil, 1
tomato oil, 1
wasabi pea, 2
bagel chip, 1
rice syrup, 1
sushi tuna, 1
tuna salad, 1
wheat pita, 1
bread torn, 1
cream dill, 1
cumin palm, 1
kale chard, 1
dill frond, 1
vermicelli, 1
wheat bran, 1
pinot wine, 1
ounces gin, 1
corn kernel, 6
sheet snack, 1
ripe banana, 13
lemon juice, 65
soybean oil, 1
white sugar, 2
arbol chile, 1
green onion, 69
slider roll, 1
mint leaves, 21
brown sugar, 50
maple syrup, 23
almond milk, 6
pizza crust, 10
pizza sauce, 5
bread crumb, 20
apple cider, 9
apple juice, 7
apple wedge, 1
apple candy, 1
thyme sprig, 9
red cabbage, 8
fennel bulb, 7
sesame seed, 19
salt pepper, 10
plum tomato, 26
ponzu sauce, 1
wheat penne, 1
coconut oil, 8
jack cheese, 12
salsa verde, 2
green chile, 4
dill pickle, 7
bacon strip, 6
baby carrot, 9
maple bacon, 1
dash bitter, 3
strip bacon, 9
white onion, 15
steak sauce, 3
loaf banana, 1
creme fluff, 1
fudge sauce, 2
horseradish, 5
lemon wedge, 12
bay scallop, 6
tomato soup, 7
kernel corn, 6
onion wedge, 4
sprig thyme, 15
basil pesto, 1
kaiser roll, 1
sauce taste, 1
dark cherry, 1
vodka water, 1
soybean pod, 1
cherry cola, 1
fennel seed, 10
green apple, 2
goat cheese, 12
white bread, 6
cream salsa, 1
bread dough, 1
pasta sauce, 1
puree juice, 1
biscuit mix, 3
pizza dough, 6
blue cheese, 3
sauce frank, 1
shrimp tail, 6
wheat panko, 2
brioche bun, 1
ginger root, 1
rye whiskey, 1
dulce leche, 3
juice lemon, 7
carrot baby, 2
corn cereal, 1
tart cherry, 2
butter dish, 2
marshmallow, 8
feta cheese, 8
spinach dry, 4
wheat bread, 1
crème cassi, 1
stock broth, 3
brie cheese, 1
oil chicken, 1
ripe tomato, 5
roma tomato, 9
clam choice, 1
chili sauce, 8
breast skin, 1
bell pepper, 11
coffee bean, 2
bean sprout, 2
puree sauce, 2
ancho chile, 3
waffle cone, 1
dulce sauce, 1
dark raisin, 1
pancake mix, 2
kidney bean, 4
celery seed, 2
flank steak, 4
sugar glaze, 1
orange zest, 9
wheat flour, 5
tin anchovy, 1
cloves skin, 2
pasta shell, 2
gold potato, 4
vinaigrette, 6
smith apple, 3
masa harina, 3
tahi tunani, 3
shake sauce, 1
peach wedge, 1
creme syrup, 1
orange rind, 3
kale leaves, 1
toast strip, 1
cuban bread, 3
ginger beer, 2
snicker bar, 1
salsa queso, 1
dill leaves, 3
duck breast, 5
wonton skin, 1
sponge cake, 1
pumpkin pie, 1
onion flake, 2
bulb fennel, 2
string bean, 1
green grape, 3
peach puree, 1
lemon vodka, 1
orange peel, 1
flour dough, 1
fruit berry, 1
fillo shell, 1
ginger coin, 1
butter cube, 4
flour blend, 1
xanthan gum, 1
maple sugar, 1
milk powder, 4
grape juice, 3
ripe olives, 1
oyster salt, 1
mustard oil, 1
steak blend, 1
giardiniera, 2
basil sprig, 3
puff pastry, 1
rice cereal, 3
country ham, 2
ham sausage, 1
cream light, 1
lemon cider, 1
aloha shoyu, 1
pearl onion, 3
muffin cube, 1
baking dish, 1
ham portion, 1
hoagie roll, 1
sugar dough, 2
agave syrup, 3
white creme, 1
salty water, 1
onion round, 1
chili paste, 3
spicy aioli, 1
ko chu jang, 1
broth stock, 1
chile paste, 1
milk yogurt, 1
potato chip, 1
bread flour, 1
fat cheddar, 1
mango juice, 1
mango wedge, 1
drop bitter, 1
crema cream, 1
seed kernel, 2
rice noodle, 2
kombu cloth, 1
baby greens, 2
port brandy, 1
mussel sand, 1
pulp tomato, 1
tuna salmon, 1
beer modelo, 1
elbow pasta, 1
sprig basil, 1
vanilla mix, 1
cashew milk, 1
juice water, 2
seafood bay, 1
caper brine, 1
flour pizza, 1
red fondant, 1
butter hand, 1
spice blend, 1
pinch sugar, 1
beet greens, 4
spice syrup, 1
ginger snap, 1
white grape, 1
kraft ranch, 1
sake sherry, 1
water chile, 1
garlic bulb, 1
filé powder, 1
salmon bone, 1
pizza blend, 1
paella rice, 2
char fillet, 1
whip thawed, 1
chili flake, 2
potato cube, 1
serrano ham, 1
star olives, 1
browny cake, 1
chuck roast, 1
chard strip, 1
best butter, 1
dark molass, 1
sugar pecan, 1
pea tendril, 1
banana ripe, 1
citru vodka, 1
fillet sole, 1
cauliflower, 1
burnt toast, 1
silken tofu, 1
drizzle oil, 1
proof vodka, 1
guava juice, 1
caper juice, 1
tuna fillet, 1
fillet fish, 1
yufka dough, 1
white flour, 2
strip lemon, 1
wine sherry, 1
mango puree, 1
wheat berry, 3
celery root, 1
milk choice, 1
pepper salt, 1
potato skin, 1
baby spinach, 17
pork sausage, 5
cream cheese, 47
tomato sauce, 14
black pepper, 60
sausage link, 4
rice vinegar, 11
pinch kimchi, 1
medjool date, 4
cereal flake, 1
cocoa powder, 17
almond paste, 1
almond flour, 1
light muffin, 2
chili powder, 21
cream tartar, 6
orange juice, 27
basil leaves, 19
salad greens, 6
plain yogurt, 19
hoisin sauce, 5
vitamin milk, 1
ripe avocado, 11
onion powder, 9
bag tot puff, 1
scallion bia, 3
grape tomato, 4
thyme leaves, 14
muffin split, 7
curry powder, 7
pear cracker, 1
cheese strip, 2
crème banana, 1
coleslaw mix, 2
tomato paste, 10
green olives, 8
beef brisket, 6
tomato puree, 4
beef sirloin, 4
sweet potato, 12
tube biscuit, 3
shrimp shell, 3
caraway seed, 4
mustard seed, 10
queso fresco, 3
salsa fresca, 1
chunky salsa, 1
nectar honey, 1
shot bourbon, 1
cherry vodka, 2
vanilla bean, 5
simple syrup, 11
bowtie pasta, 1
stalk celery, 17
bundle thyme, 1
link sausage, 3
malt vinegar, 2
tartar sauce, 5
cornmeal mix, 1
leaf lettuce, 1
navel orange, 3
pecan pieces, 1
apple butter, 1
honey butter, 1
cheddar soup, 1
quince paste, 2
gouda cheese, 1
white pepper, 9
potato onion, 1
cherry juice, 2
chicken skin, 1
chicken bowl, 1
cream butter, 1
chicken soup, 1
ramen noodle, 3
breast strip, 1
chicken wing, 3
basmati rice, 4
arborio rice, 3
leaf parsley, 1
grain waffle, 1
rice arborio, 1
tomato juice, 6
oyster sauce, 5
butter bread, 1
london broil, 1
potato wedge, 1
turkey broth, 1
orange drink, 1
celery stick, 2
coconut milk, 14
jasmine rice, 4
coffee decaf, 1
lemon confit, 1
green pepper, 8
envelope mix, 4
pepper strip, 1
madra powder, 1
bailey cream, 1
garlic split, 1
genoa salami, 1
gaeta olives, 2
pepper sauce, 6
raisin bread, 1
pinot grigio, 1
peach nectar, 5
peach sorbet, 1
fruit yogurt, 1
fennel outer, 1
turkey gravy, 1
turnip wedge, 1
light nectar, 1
grape leaves, 4
black olives, 9
tomato wedge, 2
pepperoncini, 1
green chilie, 1
green tomato, 2
lobster tail, 7
oyster shell, 3
oil brushing, 2
halibut fish, 1
sirloin size, 1
leaves sprig, 1
clover honey, 1
idaho potato, 1
celery stalk, 6
carrot round, 2
thumb ginger, 1
stuffing mix, 1
squash round, 1
kimchi juice, 1
chicken part, 1
shiso leaves, 1
spicy kimchi, 1
lavender oil, 1
bulgur wheat, 1
baby arugula, 8
pork chicken, 1
shrimp stock, 1
lobster meat, 5
meat lobster, 1
black caviar, 2
caster sugar, 1
mango nectar, 4
mango sorbet, 1
bourbon rose, 1
pimento dram, 1
orange twist, 2
basil ribbon, 1
fruit sorbet, 1
sirloin beef, 1
wine vinegar, 1
red jalapeño, 1
bonito flake, 1
pinch pepper, 1
plump mussel, 1
bread person, 1
baguette oil, 1
cucumber fan, 1
cardamom pod, 1
orange glaze, 1
orange vodka, 1
bibb lettuce, 3
scoop sorbet, 1
peach yogurt, 1
spring onion, 1
caramel corn, 1
cactus water, 1
liquid smoke, 1
chile powder, 1
pumpkin seed, 4
mix bisquick, 1
ginger strip, 1
wasabi paste, 7
wheat waffle, 1
blood orange, 1
dill parsley, 2
lemon pepper, 1
fillet strip, 1
parsley sage, 1
phyllo shell, 1
snapper fish, 1
rotini pasta, 1
kumquat seed, 1
red jalapeno, 1
butter sauce, 1
mussel shell, 1
mushroom cap, 1
carrot strip, 2
edamame bean, 1
peanut shell, 1
meatloaf mix, 1
brown lentil, 1
garlic paste, 1
pilsner beer, 1
moscato wine, 1
leaf spinach, 1
chunk frozen, 1
milk ricotta, 1
toffee sauce, 1
mango papaya, 1
wedge cheese, 1
tidbit juice, 1
fennel frond, 1
tamarind pod, 1
white hominy, 1
peanut sauce, 2
hazelnut oil, 2
milk mixture, 1
papaya mango, 1
papaya juice, 1
guava nectar, 1
blend cheese, 1
biber pepper, 1
tube polenta, 1
chicken tofu, 1
waffle maker, 1
white potato, 1
lemon sorbet, 1
shred cereal, 1
manilla clam, 1
chicken broth, 57
minced garlic, 12
macadamia nut, 4
ahi tuna saku, 1
grapeseed oil, 4
turkey breast, 3
almond butter, 6
cooking spray, 7
crème fraîche, 2
tomato spread, 1
white vinegar, 16
water seltzer, 2
cashew spread, 1
green cabbage, 6
apricot juice, 1
cider vinegar, 10
chicken thigh, 13
peanut butter, 20
colby cheddar, 1
romano cheese, 1
vanilla glaze, 1
dijon mustard, 19
serrano chile, 10
seltzer water, 4
melon liqueur, 1
cream filling, 1
banana pepper, 3
coconut water, 1
caramel sauce, 5
hamburger bun, 8
russet potato, 12
tortilla chip, 14
chicken stock, 32
cream liqueur, 1
prosecco cava, 1
sirloin steak, 8
corn tortilla, 11
plantain chip, 1
herb provence, 1
black vinegar, 2
vanilla wafer, 2
blueberry pie, 1
grain mustard, 3
bourbon vodka, 1
cherry tomato, 9
herb spaetzle, 1
sugar vanilla, 1
cereal nugget, 1
white cheddar, 6
ketchup sauce, 1
aleppo pepper, 1
fig preserves, 4
snack cracker, 1
broccoli rabe, 3
anchovy paste, 3
bar chocolate, 2
yellow banana, 1
turkey burger, 1
caramel candy, 2
ear corn husk, 1
pretzel stick, 3
phyllo pastry, 1
cheddar blend, 1
spicy mustard, 4
cowboy potato, 1
cherry skewer, 1
rocket leaves, 1
bartlett pear, 1
oil drizzling, 2
challah bread, 1
green lettuce, 1
green chilies, 2
achiote paste, 1
sauce tapatio, 1
cotija cheese, 2
seafood stock, 5
style chorizo, 1
sweet paprika, 2
rack sparerib, 1
broccoli slaw, 1
thread noodle, 1
baby bok choy, 4
creme liqueur, 3
citru truffle, 1
vidalia onion, 5
ciabatta roll, 1
cilantro stem, 1
eggplant cube, 1
milk thinning, 1
flour dusting, 3
sugar coating, 1
sauce tabasco, 2
vanilla vodka, 1
lettuce heart, 1
coffee powder, 2
cream coconut, 1
cornbread mix, 1
kraft cheddar, 1
black soybean, 1
lump crabmeat, 2
bag cranberry, 1
vanilla sugar, 3
duck skin fat, 1
tapioca flour, 4
tempura sauce, 1
chicken blend, 2
pancake syrup, 1
mint cilantro, 1
water cracker, 1
mango chutney, 2
rye bun split, 1
flaxseed meal, 2
salt eggplant, 1
raspberry jam, 2
tartlet shell, 1
rib eye steak, 2
juniper berry, 3
espresso bean, 1
shallot onion, 1
boiling water, 8
baking potato, 3
fillet choice, 1
savoy cabbage, 2
parsley sprig, 6
beef consomme, 1
lager pilsner, 1
white tequila, 2
milk brushing, 1
myer dark rum, 1
coconut sugar, 1
potato starch, 1
mushroom soup, 2
roman mustard, 1
sirloin bison, 1
romesco sauce, 1
garlic minced, 2
salmon fillet, 3
shallot round, 1
cream biscuit, 1
honey mustard, 2
cheese cotija, 1
baechu kimchi, 1
spicy sausage, 1
creamy butter, 3
cloves garlic, 1
turnip greens, 2
concord grape, 2
beef consommé, 1
radish daikon, 1
daikon radish, 1
sprig oregano, 2
lamb loin fat, 2
shoulder lamb, 1
lemon extract, 2
blueberry jam, 2
maine lobster, 1
sliced garlic, 1
lobster stock, 2
creme fraiche, 3
cinnamon mace, 1
peach schnapp, 3
sprig parsley, 2
oil pan spoon, 1
batch bourbon, 1
calimyrna fig, 1
margarita mix, 1
parsley flake, 1
eggplant moon, 1
poblano chile, 2
dog bun split, 1
round cracker, 1
lamb shoulder, 1
oregano sprig, 1
arbol chilies, 1
cognac brandy, 1
oyster liquor, 3
valencia rice, 1
sesame ginger, 1
black tea bag, 1
sheet cracker, 1
crescent roll, 1
cracker crumb, 1
flour surface, 1
white fondant, 1
plain popcorn, 2
ice pop stick, 1
leftover pork, 1
cheddar cream, 1
prosecco wine, 1
pumpkin purée, 1
spice liqueur, 1
salmon burger, 1
pinch saffron, 1
fillet salmon, 1
biscuit dough, 1
arame seaweed, 1
powder cloves, 1
squeeze juice, 1
caramel vodka, 1
cajun sausage, 1
garbanzo bean, 1
garlic cloves, 1
sweet sausage, 1
wasabi powder, 4
bourbon water, 1
sanding sugar, 1
pork sparerib, 2
grated cheese, 1
ripe plantain, 1
banana leaves, 1
pork shoulder, 2
rice bran oil, 1
green tea bag, 1
hair coleslaw, 1
scallop round, 1
albacore tuna, 1
farmer cheese, 1
coriander rub, 1
bouillon cube, 1
baking powder, 1
romaine heart, 1
cream avocado, 1
heart lettuce, 1
arugula salad, 1
cascabel chile, 1
cinnamon stick, 15
bucatini pasta, 1
parsley leaves, 29
almond extract, 8
buttermilk mix, 1
whipping cream, 6
almond liqueur, 3
ring pineapple, 1
water chestnut, 9
flour tortilla, 14
apple bar keep, 1
champagne wine, 4
style beer ice, 1
cayenne pepper, 12
chicken breast, 27
butter lettuce, 2
strawberry jam, 5
barbecue sauce, 15
sprig cilantro, 1
sherry vinegar, 7
herb salad mix, 1
bacon dripping, 1
elbow macaroni, 13
demerara sugar, 1
vanilla yogurt, 12
banana liqueur, 1
red onion ring, 3
dried rosemary, 2
pineapple core, 1
beef stew meat, 4
sprig marjoram, 1
mushroom sauce, 1
coriander seed, 8
coffee liqueur, 8
hine chewy mix, 1
blackberry jam, 1
brussel sprout, 6
orange liqueur, 7
oat sprinkling, 1
boston lettuce, 2
egg substitute, 5
turkey sausage, 4
fontina cheese, 5
shoulder bacon, 1
tangerine rind, 1
tempura batter, 2
scallion sauce, 1
marinara sauce, 9
sweet vermouth, 1
serrano pepper, 3
chocolate chip, 10
cube egg bread, 1
milk chocolate, 11
marc champagne, 1
marcona almond, 3
cottage cheese, 3
gruyère cheese, 1
almond serving, 1
cherry liqueur, 2
cherry extract, 1
chunky chutney, 1
saffron thread, 8
arugula leaves, 1
butter chicken, 1
linguini pasta, 1
poblano pepper, 4
cilantro sprig, 3
beef soup base, 1
baby lima bean, 1
honeydew melon, 7
soy sauce dark, 1
lettuce leaves, 4
mushroom broth, 3
mustard powder, 2
ricotta cheese, 7
fennel truffle, 1
semi chocolate, 1
red bean paste, 1
bread baguette, 3
montreal steak, 5
sausage casing, 4
cinnamon cream, 1
red grapefruit, 2
sprig rosemary, 2
granola cereal, 1
game hen split, 1
lump crab meat, 3
dungeness crab, 1
white cake mix, 1
tangerine zest, 3
walnut liqueur, 1
fillet tilapia, 1
cucumber vodka, 1
cucumber juice, 3
cucumber spear, 2
pineapple cube, 2
silver tequila, 3
havarti cheese, 2
ranch dressing, 1
duck leg thigh, 1
pork butt bone, 1
bread sandwich, 1
spinach leaves, 3
marchand sauce, 1
sausage length, 1
plain soy milk, 1
stilton cheese, 1
sugar snap pea, 9
sauce sriracha, 1
eat beef broth, 1
flour dredging, 1
broccoli spear, 1
zucchini round, 1
cream cinnamon, 1
coconut yogurt, 1
olio nuovo oil, 1
ginger cookies, 1
tilapia fillet, 2
star anise pod, 2
devil cake mix, 1
beef top round, 2
oil bottom pan, 1
dole red onion, 1
count bag pita, 1
oregano leaves, 2
ripe kiwifruit, 1
herbe provence, 2
cinnamon sugar, 2
tarragon sprig, 2
red bell strip, 2
halibut fillet, 3
chipotle adobo, 1
pineapple ring, 1
guinness stout, 1
beef stew cube, 1
granola raisin, 1
packet gelatin, 2
envelope yeast, 1
spaghetti ring, 1
hamburger meat, 1
bread stuffing, 1
chicken turkey, 1
style beef rib, 1
white mushroom, 3
lasagna noodle, 2
process cheese, 2
cheddar baking, 1
green jalapeno, 1
nicoise olives, 1
rosemary sprig, 1
mustard greens, 1
sriracha sauce, 1
enoki mushroom, 1
coffee granule, 1
jalapeño chile, 3
rigatoni pasta, 1
mushroom blend, 1
fleur sel salt, 1
jalapeno chile, 1
pinch cinnamon, 1
graham cracker, 1
packet oatmeal, 2
guajillo chili, 1
niçoise olives, 1
orange extract, 2
ginger liqueur, 1
oyster cracker, 3
white vermouth, 1
buttery spread, 1
squash blossom, 1
oil pan frying, 1
tapioca starch, 1
sprig tarragon, 1
honey sprinkle, 1
cucumber wedge, 1
ripe pineapple, 1
tamarind paste, 1
pork loin cube, 1
pod star anise, 1
pumpkin butter, 1
smoked paprika, 1
egg milk water, 1
cheese ravioli, 1
red meat chili, 1
gaujillo chile, 1
red rooibo tea, 1
anchovy fillet, 1
wheat tortilla, 1
braeburn apple, 1
rib roast bone, 1
roll pie crust, 1
cocktail sauce, 1
chipotle sauce, 1
chorizo casing, 1
eggplant stick, 1
eggplant strip, 1
pineapple curd, 1
white frosting, 1
ricotta salata, 2
radicchio leaf, 1
butter skillet, 1
chipotle chile, 1
zest tangerine, 1
cucumber stick, 1
straw mushroom, 1
currant tomato, 1
guajillo chile, 1
cream cilantro, 1
cheese cracker, 1
pretzel nugget, 1
sunflower seed, 1
red watermelon, 1
popsicle stick, 1
sleeve saltine, 1
turkey carcass, 1
turkey chicken, 1
nigella sativa, 1
veal stew meat, 1
baby artichoke, 1
key lime juice, 1
wheat baguette, 1
white red wine, 1
zucchini water, 1
cilantro leaves, 31
vanilla extract, 21
red bell pepper, 28
red chili flake, 3
oat bran cereal, 1
sugar nonpareil, 1
kiwifruit wedge, 1
chiffonade mint, 1
artichoke heart, 4
apple pie spice, 3
pineapple juice, 13
apple peel curl, 1
jalapeño pepper, 6
twelve tortilla, 1
roast pork loin, 1
pasta salad mix, 1
dak spice blend, 1
bacon applegate, 1
lemon line soda, 1
honey drizzling, 1
corn muffin mix, 5
raspberry sugar, 1
best sauerkraut, 1
red onion round, 1
jalapeno pepper, 10
broccoli floret, 6
minced rosemary, 1
pecorino cheese, 3
black bean fork, 1
romaine lettuce, 6
kalamata olives, 10
red chile flake, 2
blackberry wine, 2
packet herb mix, 1
turbinado sugar, 7
sesame seed oil, 1
rum maple syrup, 1
squid body ring, 1
tomatillo salsa, 2
mandarin orange, 2
muenster cheese, 5
white chocolate, 4
manchego cheese, 4
cornflake crumb, 1
tarragon leaves, 5
parsley handful, 1
boiling chicken, 1
iceberg lettuce, 3
red kidney bean, 4
pork tenderloin, 7
chocolate syrup, 4
espresso powder, 3
raspberry sauce, 1
chocolate jimmy, 1
oil deep frying, 1
slider roll bun, 1
butter greasing, 1
bag marshmallow, 1
lime peel strip, 1
littleneck clam, 7
cranberry juice, 4
cranberry sauce, 3
coconut extract, 1
ear corn kernel, 1
peach preserves, 2
crab meat shell, 1
tangerine juice, 9
chocolate wafer, 2
chocolate sauce, 1
oil waffle iron, 1
sparkling water, 1
cucumber ribbon, 1
red currant jam, 1
speculoo cookie, 1
vanilla creamer, 1
ginger beer ale, 1
duck confit leg, 1
log goat cheese, 2
rabbit figurine, 1
green split pea, 1
merlot red wine, 1
pea vine leaves, 1
espresso coffee, 1
pizza stone pan, 1
sourdough bread, 2
yellow plantain, 1
mango raspberry, 1
wholemeal flour, 1
asparagus spear, 1
round pineapple, 1
zest juice lime, 1
oil grill grate, 1
liqueur marnier, 1
marjoram leaves, 1
ripe strawberry, 1
butter bowl pan, 2
red chili paste, 1
sugar turbinado, 1
lettuce spinach, 1
pillsbury flour, 2
buckwheat groat, 1
scallion greens, 2
cow milk cheese, 1
lamb beef broth, 1
lavender flower, 1
lobster carcass, 1
salt sprinkling, 1
egg whites peak, 2
melon charentai, 1
pineapple wedge, 2
oyster mushroom, 3
allspice cloves, 1
handful parsley, 1
leek white part, 1
standard oyster, 1
chorizo sausage, 1
corn oil frying, 1
cream chocolate, 1
pepperoni check, 1
pine nut liquid, 1
grapefruit zest, 1
chocolate candy, 1
beef tenderloin, 3
nectarine peach, 1
pork loin roast, 1
ceylon cinnamon, 1
pumpkin ravioli, 1
pizza spaghetti, 1
rosemary leaves, 2
raspberry fruit, 1
red grape juice, 1
spaghetti pasta, 1
radish heirloom, 1
zucchini tomato, 1
red salmon bone, 1
julienne carrot, 1
stick margarine, 1
parmesan cheese, 2
baby red potato, 1
red noodle bean, 1
caramel popcorn, 1
beef chuck cube, 1
slab bacon rind, 1
habanero pepper, 1
wheat spaghetti, 2
button mushroom, 1
pad rice noodle, 1
chipotle powder, 1
calf sweetbread, 1
zucchini flower, 1
sauvignon blanc, 2
packet taco mix, 1
cloves allspice, 1
ranch salad mix, 1
tangerine glaze, 1
red curry paste, 1
heirloom tomato, 1
chocolate knife, 1
red green chile, 1
mozzarella ball, 1
genova tuna oil, 1
ahi tuna fillet, 1
vegetable broth, 1
white onion dry, 1
cracker crudite, 1
aloe vera water, 1
watermelon rind, 1
watermelon cube, 1
ginger conserve, 1
seafood sausage, 1
zucchini squash, 1
bean chili sauce, 1
red pepper flake, 16
cherry preserves, 1
red pepper strip, 2
honeycrisp apple, 1
envelope gelatin, 5
butter margarine, 9
part apple juice, 1
slaw mix cabbage, 1
asparagus bottom, 1
panko breadcrumb, 5
beet greens stem, 1
ziti penne pasta, 1
coffee ice cream, 4
rum orange juice, 1
red wine vinegar, 12
porcini mushroom, 3
water veal stock, 1
beefsteak tomato, 3
beef roast round, 1
black peppercorn, 8
german light ale, 1
roquefort cheese, 1
white onion ring, 1
vanilla frosting, 2
saffron turmeric, 1
espresso granule, 1
white rice water, 1
crispy candy bar, 1
plain breadcrumb, 1
butter microwave, 1
sugar corn syrup, 1
pomegranate seed, 8
white bread cube, 1
reposado tequila, 2
buttermilk cream, 1
egg noodle dente, 1
water soup stock, 1
oil baking sheet, 1
one tomato sauce, 1
red onion sliver, 1
black bean sauce, 2
cremini mushroom, 7
cantaloupe melon, 3
ginger soy sauce, 1
grapefruit juice, 4
chocolate morsel, 3
cinnamon schnapp, 1
mint leaves torn, 1
cinnamon extract, 1
nibbed pistachio, 1
orange marmalade, 6
lemon peel strip, 1
lemongrass stalk, 2
seafood boil bay, 1
stalk lemongrass, 4
york strip steak, 1
sweet red pepper, 1
corn flake crumb, 1
onion herb blend, 1
peppercorn black, 1
flour cornstarch, 1
cocoa butter oil, 1
tamari soy sauce, 1
bushmill whiskey, 1
round gyoza skin, 1
loaf white bread, 1
prosciutto strip, 2
mozzarella polly, 1
bag snack flamin, 1
prosciutto cotto, 1
turkey pepperoni, 1
cactus juice rim, 1
spring vegetable, 1
round bread loaf, 1
neck turkey wing, 1
butter ice cream, 2
gingersnap crust, 1
meyer lemon curd, 1
meyer lemon zest, 1
white rice flour, 2
grapefruit twist, 1
garden vegetable, 2
white pita round, 1
strip red pepper, 1
red grape skewer, 1
amberjack fillet, 1
homestyle waffle, 2
avocado dressing, 1
lemon zest juice, 1
provolone cheese, 2
packet salad mix, 1
stalk celery top, 1
chocolate powder, 1
cornstarch water, 2
zest lemon juice, 1
pistachio almond, 1
sugar cookie mix, 1
millilitre stock, 1
zest lemon strip, 1
porterhouse pork, 1
rice wine sherry, 1
green onion root, 1
red fresno chile, 1
wok oil turn pan, 1
jalapeño chilies, 1
cane sugar syrup, 1
pellegrino water, 1
white wine stock, 1
instant couscous, 1
juice lime wedge, 1
gold potato skin, 1
corn rice cereal, 1
white miso paste, 4
mozzarella stick, 1
coriander leaves, 1
gruyere shredded, 2
red chile pepper, 1
pack rice noodle, 1
campanelle pasta, 1
petite green pea, 1
peppermint candy, 1
oregano broiling, 1
scallion cheddar, 1
cuban bread loaf, 1
lemon rind strip, 1
bar cream cheese, 1
roast beef gravy, 1
roast beef strip, 1
egg noodle ramen, 1
white peppercorn, 1
tender pea shoot, 1
israeli couscous, 1
poultry mix herb, 1
butternut squash, 3
polenta cornmeal, 1
crushed rosemary, 1
butter pie plate, 1
zest juice lemon, 2
stuffing crouton, 1
tomato herb hunt, 1
splash grenadine, 1
handful cilantro, 1
green taco sauce, 1
liquid bratwurst, 1
grain white rice, 1
spaghetti squash, 1
marjoram oregano, 1
vitamin mushroom, 1
chicken wing tip, 1
plum tomato seed, 1
tomato spaghetti, 1
strawberry sugar, 3
white candy melt, 1
white tuna water, 1
beet horseradish, 1
lime wedge glass, 1
pickle cornichon, 1
mirin white wine, 1
mahi tuna fillet, 1
cuban bread roll, 1
deluxe mixed nut, 1
green bell strip, 1
black bean paste, 1
rice chex cereal, 1
onion paper thin, 1
slices carambola, 1
passionfruit rum, 1
watercress sprig, 1
mayonnaise style, 1
celery heart top, 1
wheat breadcrumb, 1
dark meat turkey, 1
bag pearl barley, 1
cilantro parsley, 1
lavender tea oil, 1
raspberry sorbet, 1
parsley cilantro, 1
zoo animal pasta, 1
salt black pepper, 21
mascarpone cheese, 1
ripe mango peeled, 1
bulk pork sausage, 1
apple cider juice, 1
white grape juice, 5
shot apple brandy, 1
canola mayonnaise, 9
lemon vinaigrette, 1
gorgonzola cheese, 4
apricot preserves, 3
store pizza crust, 1
mezze penne pasta, 1
pomegranate juice, 10
bass fillet strip, 1
kewpie mayonnaise, 1
lime cherry wedge, 1
world pasta sauce, 2
cream potato soup, 1
farmer pick juice, 2
chocolate coating, 1
banana nut muffin, 1
vanilla ice cream, 21
beef ramen noodle, 1
salt pepper blend, 1
plain milk yogurt, 1
blood orange zest, 1
sheet puff pastry, 2
polenta corn grit, 1
rack sparerib rib, 1
flour pizza dough, 1
pizza crust dough, 2
green bell pepper, 19
chicken soup base, 1
chocolate ganache, 2
marshmallow charm, 1
confetti sprinkle, 1
orecchiette pasta, 2
mix caramel sauce, 1
flour salt pepper, 2
salt grind pepper, 1
chicken taco meat, 2
telera roll split, 1
chicken wing part, 1
shiitake mushroom, 11
rice wine vinegar, 8
salt white pepper, 3
ginger side knife, 1
chile adobo sauce, 2
chocolate liqueur, 1
maraschino cherry, 2
corn flake cereal, 1
marshmallow cream, 3
sprig mint leaves, 1
chocolate bar way, 1
dark roast coffee, 1
green curry paste, 2
crisp rice cereal, 2
concord red grape, 1
crab mixture cake, 1
julienne red bell, 1
fingerling potato, 3
honey wheat bread, 1
butter pan frying, 1
raspberry filling, 1
baby salad greens, 2
hollandaise sauce, 1
bell pepper strip, 2
chateau elan wine, 1
fruit juice puree, 1
chocolate truffle, 1
red radish leaves, 1
white sesame seed, 2
meyer lemon juice, 2
togarashi cayenne, 1
pumpkin pie spice, 6
orange rind strip, 2
skim percent milk, 1
dijon cream sauce, 1
caper paper towel, 1
black pepper fish, 1
bone chicken part, 1
hillshire sausage, 1
chicken drummette, 1
plum tomato juice, 1
tagliatelle pasta, 1
blackstrap molass, 2
cream cheese cube, 1
yellowtail fillet, 1
zest orange strip, 1
carrot matchstick, 2
chicken rice soup, 2
lemon wedge glass, 1
mint sprig leaves, 1
colby jack cheese, 1
lobster tail meat, 1
watercress leaves, 1
paper jack cheese, 2
marshmallow crème, 2
plain bread crumb, 2
dinner roll rhode, 1
hash brown potato, 1
oaxaca mozzarella, 1
onion side grater, 1
sweet potato coin, 1
biscuit pillsbury, 1
champagne vinegar, 3
pork beef chicken, 1
maldon salt flake, 2
juicy orange disc, 1
neufchatel cheese, 2
shrimp shell tail, 1
tube tomato paste, 1
chocolate shaving, 1
black goat cheese, 1
sugar gummy candy, 1
strawberry spread, 1
raspberry liqueur, 1
pomegranate syrup, 1
orange peel strip, 1
pork shoulder fat, 2
broccoli slaw mix, 1
beef brisket cube, 1
grain medley rice, 1
pork roast au jus, 1
cuban salsa verde, 1
beet green leaves, 1
multigrain waffle, 1
lobster tail claw, 1
percent skim milk, 1
pumpkin ice cream, 1
one pumpkin puree, 1
puff pastry sheet, 2
green onion strip, 1
sherry white wine, 1
watermelon radish, 1
ginger white rice, 1
white wine chabli, 1
panko bread crumb, 1
carrot puree baby, 1
white bread crust, 2
chive sesame seed, 1
pea tendril shoot, 1
roast coffee bean, 1
yukon gold potato, 1
lemon juice taste, 1
brandy tawny port, 1
strawberry nectar, 1
strawberry sorbet, 1
leftover stuffing, 2
calorie sweetener, 1
lime simple syrup, 1
lemon juice twist, 1
salami peppercorn, 1
black sesame seed, 1
flat leaf parsley, 1
wisconsin cheddar, 1
garlic side knife, 1
flank steak grain, 1
chocolate percent, 1
grain elbow pasta, 1
lemon juice wedge, 1
bulb fennel wedge, 1
haricot vert bean, 1
wahoo fillet cube, 1
honey lemon syrup, 1
daisy brand cream, 1
sweet chile sauce, 1
green grape juice, 1
juice concentrate, 1
rotisserie chicken, 4
tube crescent roll, 3
almond joy creamer, 1
vanilla bean split, 2
granny smith apple, 11
part apple schnapp, 1
plain rice cracker, 1
butter coconut oil, 1
tempura batter mix, 2
corn masa tortilla, 1
beef sirloin steak, 2
jack pepper cheese, 1
beef bouillon cube, 1
white wine vinegar, 12
green cardamom pod, 2
mahi tunamahi tuna, 1
buttermilk biscuit, 1
blood orange juice, 1
soy vanilla yogurt, 1
red boiling potato, 1
season salt pepper, 1
brandy apple vodka, 1
cheesecake filling, 1
maytag blue cheese, 1
confectioner sugar, 23
cabernet sauvignon, 1
captain morgan tea, 1
loaf challah bread, 1
cherry black juice, 1
cherry pie filling, 1
handful pea sprout, 1
rice noodle thread, 1
lemon butter sauce, 1
green leaf lettuce, 2
bone chicken thigh, 1
corn tortilla chip, 3
pepper adobo sauce, 3
cream chicken soup, 3
handful breadcrumb, 1
sweet cherry juice, 1
chocolate cake mix, 2
fig cookies newton, 2
chicken thigh bone, 1
thyme sprig bundle, 1
russet potato cube, 1
butter baking dish, 3
black pepper taste, 1
pomegranate molass, 2
scallion green top, 1
dutch cocoa powder, 1
sweet green pepper, 1
cauliflower floret, 1
summer squash moon, 1
butter maple syrup, 1
lemon pepper blend, 1
basil leaves sprig, 1
tub crab claw meat, 1
raspberry frosting, 1
chicken duck stock, 1
egg product whites, 1
orange bell pepper, 1
white fillet total, 1
cajun sausage link, 1
cod haddock fillet, 1
currant marmellata, 1
bisquick heart mix, 1
rainbow carrot top, 1
garlic chili sauce, 1
butterscotch sauce, 2
stirring juice bar, 1
coconut oil butter, 1
clementine segment, 1
pepper jack cheese, 8
basil leaves strip, 1
dusseldorf mustard, 1
slab pork sparerib, 2
pumpernickel bread, 2
thyme leaves sprig, 1
envelope cocoa mix, 1
tin anchovy fillet, 1
ripe plantain coin, 1
chile ancho powder, 1
white wine moscato, 1
chicken tenderloin, 1
apricot peach plum, 1
mango nectar juice, 1
cognac remy martin, 1
cotija feta cheese, 1
crisp wheat cereal, 1
tomato cream sauce, 1
chocolate minichip, 2
shallot matchstick, 1
fillet red snapper, 2
black green olives, 1
annatto seed paste, 1
paella spice blend, 1
sugar cookie dough, 2
peanut butter chip, 1
loaf brioche crust, 1
peppermint schnapp, 1
plain yogurt cream, 1
phyllo shell athen, 1
pork shoulder cube, 1
gold baking potato, 1
cinnamon pie spice, 1
green pumpkin seed, 1
chicken broth soup, 1
vanilla bean paste, 4
vanilla soy yogurt, 1
bakery wheat bread, 1
great pork sausage, 1
flour work surface, 2
cheesy herb spread, 1
beef broth swanson, 1
scallop muscle dry, 1
crab lobster stock, 1
cajun seafood boil, 1
herb blend poultry, 1
wheat rotini pasta, 1
beef bouillon base, 1
white potato wedge, 1
packet fry coating, 1
chocolate soy milk, 1
strawberry liqueur, 1
bomba rice arborio, 1
beef rib eye roast, 1
peach nectar puree, 1
crispy rice cereal, 1
bosc bartlett pear, 1
tomato green chile, 3
chicken wing sauce, 1
chunky pasta sauce, 1
baby greens frisee, 1
kaffir lime leaves, 1
water tomato juice, 1
yellow white onion, 1
pinch cream tartar, 1
gingersnap cookies, 1
kernel wheat flour, 1
wholegrain mustard, 1
best dark chocolate, 1
parmigiano reggiano, 3
ruby red grapefruit, 1
apple cider vinegar, 13
apple fruit filling, 1
honeydew melon seed, 1
proof grain alcohol, 1
vegan veggie burger, 1
kellogg corn cereal, 1
style sandwich roll, 1
cream cheese spread, 1
challah white bread, 1
prosciutto di parma, 1
beef stew meat cube, 2
cream mushroom soup, 3
bibb lettuce leaves, 1
hine white frosting, 1
black sanding sugar, 1
blue cheese crumble, 1
blueberry preserves, 4
scallop side muscle, 1
onion carrot celery, 1
carrot celery stick, 1
hamburger bun split, 1
queso fresco cheese, 1
vanilla pudding mix, 2
carrot strip peeler, 1
cereal toast crunch, 1
floret tender stalk, 1
shake sauce tabasco, 1
peanut ginger sauce, 1
bag broccoli floret, 1
corn tortilla strip, 1
cheddar jack cheese, 2
red enchilada sauce, 1
chicken neck giblet, 1
deli chicken breast, 1
onion durkee noodle, 1
chocolate candy bar, 1
chocolate egg candy, 1
chocolate ice cream, 1
streusel muffin mix, 1
sleeve ritz cracker, 1
sugar lemon gelatin, 1
savoy cabbage wedge, 1
orange pepper strip, 1
raspberry blueberry, 1
sheet seaweed snack, 1
sesame rice cracker, 1
baby spinach leaves, 5
lamb shoulder strip, 1
butter duck chicken, 1
red pepper julienne, 1
white chocolate bar, 1
passion fruit juice, 3
concord grape juice, 1
baking potato stick, 1
halibut fillet skin, 1
summer squash round, 1
lemon zest meringue, 1
ginger martini pick, 1
red jalapeño pepper, 1
ear corn layer husk, 1
white pullman bread, 1
scallion green part, 3
portobello mushroom, 3
red wine vinegrette, 1
chicken breast cube, 1
fruit nut rye bread, 1
salsa picante sauce, 1
sausage link casing, 1
tortilla strip chip, 1
alcohol content rum, 2
turbinado sugar raw, 1
milk ricotta cheese, 1
corn tortilla wedge, 1
celery stalk leaves, 1
canola oil brushing, 2
lump crabmeat shell, 2
ciabatta bread cube, 1
bar white chocolate, 1
bone chicken breast, 1
rind wedge parmesan, 1
spaghetti dente oil, 1
oregano leaves torn, 1
green melon liqueur, 1
chunky tomato sauce, 1
red jalapeno pepper, 1
stalk celery tender, 1
baby bella mushroom, 1
mayonnaise hellmann, 1
raspberry preserves, 3
green cabbage wedge, 1
ramen noodle packet, 1
passover egg noodle, 1
red onion mandoline, 1
orange cream yogurt, 1
russet potato water, 1
cheese queso fresco, 1
passion fruit puree, 2
peanut butter candy, 2
loaf sandwich bread, 1
pineapple preserves, 1
pomegranate liqueur, 1
pork shoulder roast, 2
pumpkin candy brach, 1
pumpkin pie filling, 1
black treacle syrup, 1
white bean chickpea, 1
white wine vermouth, 1
cucumber mint salad, 1
ginger sesame sauce, 1
swiss white cheddar, 1
bass grouper fillet, 1
wooden metal skewer, 1
seafood stock water, 1
blue sugar sprinkle, 1
calcium penne pasta, 1
pea jalapeño pepper, 1
mustard cream sauce, 1
muenster mozzarella, 1
fresno chile pepper, 1
corn flour tortilla, 1
bread butter pickle, 1
goat cheese truffle, 1
ciabatta roll split, 1
baby arugula leaves, 1
white truffle honey, 1
cucumber matchstick, 1
coriander seed palm, 1
sandwich roll split, 1
chicken stock broth, 1
turkey saffron stock, 1
apple brandy bourbon, 1
apple brandy calvado, 2
orange blossom honey, 1
white sandwich bread, 3
marshmallow frosting, 1
white chocolate chip, 3
worcestershire sauce, 14
fettuccine sauce mix, 1
passata tomato sauce, 1
crisp apple mcintosh, 1
canola oil grill pan, 1
mexican style cheese, 1
black licorice drink, 1
basil leaves parsley, 1
orange liqueur juice, 1
lemonade concentrate, 3
bartlett pear eighth, 1
biscotti crumb crust, 1
bacon pancetta crisp, 1
butter nut flavoring, 1
graham cracker crust, 4
part skim mozzarella, 1
kirsch cherry liquor, 1
verjuice vinaigrette, 1
flour tortilla strip, 1
saffron water minute, 1
dumpling pork shrimp, 1
leafy greens cabbage, 1
cilantro green onion, 1
chocolate baking bar, 2
spicy avocado spread, 1
coffee liqueur crème, 1
handful leaf parsley, 1
sweet dark chocolate, 1
cream asparagus soup, 1
smarter tartar sauce, 1
sugar orange gelatin, 1
oil vinegar dressing, 1
mein noodle linguine, 1
peanut butter morsel, 2
spice almond extract, 1
puff pastry diameter, 1
creole grain mustard, 1
florida orange juice, 1
chipotle adobo sauce, 1
kaiser sandwich roll, 1
scallion root greens, 1
fruit cocktail syrup, 1
graham cracker sheet, 1
plain yogurt culture, 1
grapeseed canola oil, 2
oregano leaves sprig, 1
parsley leaves sprig, 1
monterey jack cheese, 4
sriracha chili sauce, 1
salt diamond crystal, 1
plain white cornmeal, 1
feta tzatziki spread, 1
pita flatbread style, 1
scallion blade chive, 1
tomato chilies rotel, 1
crisp oatmeal cereal, 1
hamburger roll cuban, 1
scallion white green, 1
twelve corn tortilla, 1
potato starch noodle, 1
packet plain oatmeal, 1
castelvetrano olives, 2
orange blossom water, 1
orange raisin walnut, 1
eggplant into slices, 1
graham cracker crumb, 2
chunky peanut butter, 1
vanilla extract bean, 1
oyster mushroom stem, 1
pheasant breast skin, 1
gourmet salad greens, 2
red gummy fish candy, 1
poblano chile pepper, 2
potato reser express, 1
serrano chile pepper, 1
red grapefruit juice, 1
wheat sandwich bread, 1
parsley leaves flake, 1
tablespooon tarragon, 1
massaman curry paste, 1
cremini mushroom cap, 1
fillet side pin bone, 1
black snapper fillet, 1
crema cream bit milk, 1
dark red kidney bean, 1
pomegranate ice ring, 1
chicken breast strip, 1
strawberry preserves, 1
strawberry ice cream, 2
rum raisin ice cream, 1
cocoa powder dusting, 1
thinly sliced garlic, 1
pork tenderloin cube, 2
part tangerine juice, 1
scoop coconut sorbet, 1
spicy ranch dressing, 1
serrano pepper split, 1
cocoa powder truffle, 1
passion fruit sorbet, 1
chicken turkey stock, 1
ripe watermelon cube, 1
white boiling potato, 1
chocolate almond milk, 2
farm bbq chicken bite, 1
vanilla paste extract, 2
cambozola cheese rind, 1
cinnamon raisin bread, 2
shiitake mushroom cap, 4
van multigrain waffle, 1
iceberg lettuce wedge, 1
blueberry filling pie, 1
blueberry pie filling, 2
boysenberry preserves, 1
beef bouillon granule, 1
grated gruyere cheese, 2
equipment pizza stone, 1
butter lettuce leaves, 3
roquefort blue cheese, 1
chipotle chile powder, 1
romaine lettuce heart, 1
berry cranberry sauce, 1
sliver lemon julienne, 1
chicken breast fillet, 1
chicken breast cutlet, 2
scallion cream cheese, 1
boston lettuce leaves, 3
bottled minced garlic, 2
seafood chicken stock, 1
chocolate pudding mix, 1
crunchy peanut butter, 1
zest clementine juice, 1
kielbasa sausage rope, 1
cream cheese frosting, 1
chocolate mini morsel, 1
mint leaves raspberry, 1
red bell pepper strip, 4
vanilla cream filling, 1
spice vanilla extract, 1
remaining ingredients, 2
vanilla soy ice cream, 1
packet onion soup mix, 1
strawberry blackberry, 1
fluid red grape juice, 1
sicilian green olives, 1
jasmine green tea bag, 1
pernod brandy bourbon, 1
cinnamon simple syrup, 1
jalapeno pepper round, 1
naengmyun noodle soba, 1
sprig mint chiffonade, 1
breast chicken tender, 1
chocolate milk powder, 1
yellow red maple leaf, 1
leek white green part, 3
cuajada farmer cheese, 1
sugar snap pea string, 1
pear comouse bartlett, 1
vanilla custard sauce, 1
grapefruit zest juice, 1
black licorice string, 1
cuban baguette hoagie, 1
long grain white rice, 1
red bell pepper green, 1
green onion top strip, 1
littleneck clam shell, 2
velveeta product cube, 1
cannellini bean white, 1
gold sprinkle glitter, 1
water pineapple juice, 1
zest juice lime wedge, 1
grill lot salt pepper, 1
lemon sole black skin, 1
chipotle chile pepper, 1
pressed minced garlic, 1
red green bell pepper, 1
black olives jalapeno, 1
envelope dressing mix, 1
sirloin steak butcher, 1
artichoke heart water, 1
chocolate wafer crumb, 1
minced garlic divided, 1
roasted garlic minced, 1
chicken lump fat tail, 1
creme brulee frosting, 1
vine ripe plum tomato, 1
about enchilada sauce, 1
yukon gold red potato, 1
watermelon wedge mint, 1
milliliter white wine, 1
maple syrup honey jam, 1
juicy lemon peel pith, 1
caesar dressing ranch, 1
chicken teriyaki sauce, 1
honeycrisp apple wedge, 1
shitake mushroom white, 1
black cherry preserves, 1
filet mignon medallion, 2
blood orange peel pith, 1
scallion whites greens, 1
corn cereal cap crunch, 1
chicken wing tip joint, 1
rack pork sparerib fat, 1
type white bread crust, 1
grey salt black pepper, 1
duck sauce soy dipping, 1
onion grain wedge root, 1
percent vanilla yogurt, 1
chicken wing split tip, 1
fluid red wine vinegar, 1
romaine lettuce leaves, 2
gorgonzola cream sauce, 1
applewood bacon lardon, 1
liqueur sambuca pernod, 1
green onion white part, 2
vanilla bean ice cream, 1
mustard jalapeno sauce, 1
slider macaroni cheese, 1
mozzarella jack cheese, 1
chocolate chip cookies, 1
chocolate bark coating, 1
white miso paste water, 1
short grain sushi rice, 1
orange mushroom celery, 1
skinless boneless half, 1
green peppercorn brine, 1
red bell pepper sliver, 1
littleneck manila clam, 1
watermelon proof vodka, 1
scallion banana pepper, 1
beef flank steak round, 1
sirloin steak beef tip, 1
zest lime strip peeler, 1
percent cottage cheese, 1
fillet halibut tilapia, 1
bone chicken leg thigh, 1
strawberry mango peach, 1
cabbage julienne strip, 1
milk thicker milkshake, 1
white chocolate morsel, 1
white red wine vinegar, 1
ro tomato green chilies, 1
hazelnut biscotti plain, 1
scoop vanilla ice cream, 3
envelope onion soup mix, 2
red pepper cream cheese, 1
black bean garlic sauce, 2
domino dark brown sugar, 1
bake sugar cookie dough, 1
stirring ginger liqueur, 1
slab baby pork rib skin, 1
gruyere cheese shredded, 1
sprig basil leaves torn, 1
maraschino cherry syrup, 1
red jalapeno pepper oil, 1
chocolate wafer cookies, 1
round loaf walnut bread, 1
egg product dairy aisle, 1
lollipop stick popsicle, 1
cranberry orange relish, 1
apricot sugar preserves, 1
duck breast fillet skin, 1
espresso granule coffee, 1
paprika cumin coriander, 1
yellow red grape tomato, 1
loaf crusty bread split, 1
splash red wine vinegar, 1
pillsbury crescent roll, 1
grain alcohol everclear, 1
grain chicken herb rice, 1
wine prosecco champagne, 1
rice wine white vinegar, 1
portion master meat mix, 1
sherry vinegar red wine, 1
spice supreme salad mix, 1
mandarin orange segment, 1
lobster tail meat shell, 1
cinnamon roll ice cream, 1
pinch five spice powder, 1
portobello mushroom cap, 1
pumpkin pie spice cream, 1
seltzer club soda water, 1
chocolate almond coffee, 1
red fresno chile pepper, 1
coffee espresso granule, 1
dried rosemary crumbled, 1
sushi grade salmon skin, 1
rice white wine vinegar, 1
cilantro lim vinaigrett, 1
noodle wheat hair pasta, 1
red leaf lettuce leaves, 1
silver sprinkle glitter, 1
shrimp boil cheesecloth, 1
steak tri tip strip bia, 1
fruit strawberry spread, 1
chiffonade basil leaves, 1
pepper california chile, 1
red pepper paste cherry, 1
porcini mushroom powder, 1
riesling gewürztraminer, 1
round pumpernickel bread, 1
equipment angel cake pan, 1
granny smith apple strip, 1
beef sirloin steak strip, 1
italian blend mozzarella, 1
wheat pastry flour white, 1
orange juice concentrate, 2
sweet apple beauty wedge, 1
cheddar jarlsberg cheese, 1
granny smith apple wedge, 1
rotisserie chicken thigh, 1
grain oat cereal cheerio, 1
chocolate hazelnut stick, 1
chocolate crumb piecrust, 1
milk chocolate candy bar, 1
raspberry liqueur orange, 1
chocolate graham cracker, 1
red cabbage outer leaves, 1
wheat bran cereal raisin, 1
coffee liqueur tia maria, 1
game hen split spine tip, 1
scallion greens thin bia, 1
button shiitake mushroom, 1
bag tortilla chip dorito, 1
fish mullet bass snapper, 1
cheese parmigiano romano, 1
red snapper white fillet, 1
buttermilk biscuit dough, 1
cranberry juice cocktail, 4
cereal honey nut cheerio, 1
wheat pita hamburger bun, 1
confectioner sugar glass, 1
cocktail vegetable juice, 1
white corn tortilla chip, 1
sushi vinegar rice sugar, 1
sugar turbinado demerara, 1
toll raisin cookie dough, 1
peanut butter browie mix, 1
mahatma grain white rice, 1
apple sauerkraut sausage, 1
sausage apple sauerkraut, 1
seafood stock clam juice, 1
graham cracker pie crust, 1
vanilla cake mix crocker, 1
baby portobello mushroom, 1
parmesan pecorino cheese, 1
soy sauce worcestershire, 1
herb thyme parsley basil, 1
salsa pace picante sauce, 1
fillet halibut black cod, 1
butterhead lettuce leaves, 1
tube crescent dinner roll, 1
dark worcestershire sauce, 1
scallion white green part, 7
caramel apple flavor bomb, 1
apple cinnamon muffin mix, 1
schmaltz margarine butter, 1
shredded monterrey cheese, 1
rotisserie chicken breast, 4
white shoepeg kernel corn, 1
scoop chocolate ice cream, 1
chocolate chip cookie mix, 1
crispy rice cereal krispy, 1
imitation coconut extract, 1
welch sparkling red grape, 1
philadelphia cream cheese, 1
vanilla ice cream serving, 1
half and room temperature, 2
yellow mustard seed blend, 1
halibut fillet white fish, 1
gouda cheddar jack cheese, 1
ruby red grapefruit juice, 2
green grape cherry tomato, 1
herb marinade lemon juice, 2
hamburger bun potato roll, 1
packet salad dressing mix, 1
rosewater vanilla extract, 1
chocolate hazelnut spread, 1
white miso shiro chickpea, 1
bean mortar grinder pecan, 1
red jalapeno fresno chile, 2
chicken stock water combo, 1
duck breast kitchen towel, 1
parrano cheese thyme roll, 1
white cheddar jack cheese, 1
lo mein noodle fettuccine, 1
foster farm chicken thigh, 1
sugar decoration hazelnut, 1
grain white hamburger bun, 1
piquillo red pepper strip, 1
milliliter sparkling wine, 1
togarashi blackening spice, 1
bravo farm reserve cheddar, 1
broccoli dry kitchen towel, 1
yellowtail flounder fillet, 1
confectioner sugar dusting, 1
cayenne pepper sauce frank, 1
chicken tender breast meat, 1
chocolate sandwich cookies, 2
milk chocolate brownie mix, 2
cuban sandwich hoagie roll, 1
virgin coconut oil truffle, 1
egg tagliatelle fettuccine, 1
parmigiano reggiano cheese, 3
red bell pepper dicedsmall, 1
mushroom shiitake wood ear, 1
braeburn rome empire apple, 1
spice cayenne pepper thyme, 1
chipotle chile adobo sauce, 2
white sandwich bread crust, 1
thyme sprig parsley leaves, 1
toll milk chocolate morsel, 1
potato sandwich roll split, 1
ramen noodle flavor packet, 1
part champagne wine choice, 1
crispy corn tortilla strip, 1
yellowfin tuna steak split, 1
turkey stock chicken broth, 1
bone ham butt shank portion, 1
cream chicken mushroom soup, 1
raisin cinnamon swirl bread, 1
vanilla wafer cookies nilla, 1
vanilla instant pudding mix, 1
fruit filling apricot prune, 1
bibb romaine lettuce leaves, 1
pineapple juice concentrate, 1
sack cabbage mix slaw salad, 1
very thin slices prosciutto, 1
chipotle pepper adobo sauce, 1
packet herb sauce mix knorr, 1
chicken thigh breast tender, 1
charcuterie lukanka sausage, 1
dark chocolate truffle ball, 1
mint sprig watermelon wedge, 1
kernel corn red green pepper, 1
loaf baguette counter market, 1
lo mein noodle kitchen shear, 1
leek white tender green part, 1
stalk lemon grass strip peel, 1
turkey bacon slices coarsely, 1
baby portobello mushroom cap, 1
orange cream cheese frosting, 1
sleeve round buttery cracker, 1
baguette country bread crust, 1
packet pesto sauce mix knorr, 1
white onion ice water minute, 1
chicken wing split joint tip, 1
pepperidge puff pastry sheet, 1
leaves boston butter lettuce, 1
champagne white wine vinegar, 1
wisconsin pepper jack cheese, 1
orange red bell pepper strip, 1
scotch bonnet pepper julienne, 1
soy sauce ginger wasabi paste, 1
van paul fish sandwich fillet, 1
ginger liqueur domaine canton, 1
chile pepper jalapeño serrano, 1
sausage link three way casing, 1
vanilla almond milk ice cream, 1
loaf sourdough bread baguette, 1
green pepper jalapeno serrano, 1
pomegranate juice concentrate, 1
barbecue sauce hamburger roll, 1
vanilla flavor pudding pie fi, 1
blade steak tissue meat grain, 1
smoked gruyere swiss shredded, 1
romaine iceberg lettuce blend, 1
alcaparrado green olives caper, 1
sack baby salad greens produce, 1
chocolate graham cracker sheet, 1
purple grape juice concentrate, 1
rack sparerib membrane portion, 1
colatura di alici cetara sauce, 1
peanut butter sandwich cookies, 1
mein noodle spaghetti linguine, 1
mango peach juice blend splash, 1
green red serrano chile pepper, 1
holland house white wine lemon, 1
shichimi togarashi chili flake, 1
green pepper cubanelle anaheim, 1
blueberry raspberry strawberry, 1
round sourdough rye bread loaf, 1
snack size almond joy candy bar, 1
sesame seed hamburger bun split, 1
peanut butter cereal reese puff, 1
equipment polycarbonate truffle, 1
rice wine sherry white vermouth, 1
liqueur maraschino cherry juice, 1
raw nut almond pistachio cashew, 1
honey wheat sandwich roll bread, 1
strawberry jam preserves choice, 1
honey maid graham cracker crumb, 1
crispy peanut buttery candy bar, 1
equipment waffle cone iron form, 1
au jus powder beef bouillon cube, 1
chili powder gebhardt red pepper, 1
grain maine blueberry muffin mix, 1
pomegranate cilantro chimichurri, 1
caramel corn peanut cracker jack, 1
corn oat cereal cap crunch crumb, 1
white fillet haddock halibut cod, 1
scarlet turnip watermelon radish, 1
chuck roast cube bison stew meat, 1
feuilletine flake ice cream cone, 1
egg pappardelle pasta fettuccine, 1
white cabbage outer green leaves, 1
iceberg lettuce cheddar jalapeno, 1
strawberry ice cream haagen dazs, 1
caramel ice cream edy dulce leche, 1
andouille sausage kielbasa length, 1
biscuit mix butter flake atkinson, 1
cranberry grape juice concentrate, 1
tender pea shoot watercress sprig, 1
pistachio ice cream green variety, 1
chipotle chile pepper adobo sauce, 1
crocker apple cinnamon muffin mix, 1
tube biscuit dough pillsbury grand, 1
oregon marion blackberry preserves, 1
strawberry raspberry blackberry jam, 1
water paella pan height handle time, 1
white wine sancerre sauvignon blanc, 1
berry blueberry raspberry blackberry, 1
berry raspberry blackberry blueberry, 1
fruit mango papaya passion pineapple, 1
watercress leaves yield bundle market, 1
pepperidge sandwich sesame seed split, 1
ricotta salata pecorino romano cheese, 1
cinnamon raisin bread canyon bakehouse, 1
pinch shichimi togarashi cayenne pepper, 1
blend onion green red pepper combination, 1
chocolate instant pudding pie filling mix, 1
dutch oven convenience time pressure cooker, 1
cream cheese spread rondele alouette boursin, 1
chicken turkey bone mixture poultry meat scrap, 1
pate specialty case market country flavor ask tasting, 1
